Posici√≥n,Referencia,Alternativa,Frecuencia,Clase_variante,Gen,AA_variante
98,A,C,0.003845,variante_sinsentido,polh,p.Lys33Thr
273,C,T,0.103167,variante_sinonima,polh,p.Ser91Ser
474,G,A,0.024921,variante_sinonima,polh,p.Glu158Glu
543,T,C,0.104833,variante_sinonima,polh,p.Val181Val
1025,C,T,0.100709,variante_sinonima,orf1629,p.Leu390Leu
1309,T,C,0.104958,variante_sinsentido,orf1629,p.Ile296Val
1391,G,C,0.010092,variante_sinonima,orf1629,p.Pro268Pro
1391,G,T,0.023878,variante_sinonima,orf1629,p.Pro268Pro
1418,G,A,0.262583,variante_sinonima,orf1629,p.Ala259Ala
1430,G,A,0.262602,variante_sinonima,orf1629,p.Ser255Ser
1528,G,A,0.298123,variante_sinonima,orf1629,p.Leu223Leu
1724,C,T,0.308133,variante_sinonima,orf1629,p.Thr157Thr
2212,C,A,0.008445,variante_sinsentido,pk-1,p.Thr7Asn
2227,T,A,0.002946,variante_sinsentido,pk-1,p.Met12Lys
2459,G,A,0.248541,variante_sinonima,pk-1,p.Thr89Thr
2582,A,C,0.005703,variante_sinsentido,pk-1,p.Glu130Asp
2624,C,T,0.353297,variante_sinonima,pk-1,p.Asp144Asp
2837,C,T,0.226688,variante_sinonima,pk-1,p.Phe215Phe
2879,A,G,0.234629,variante_sinonima,pk-1,p.Leu229Leu
3068,C,T,0.261153,variante_upstream_gen,-,-
3074,C,A,0.005035,variante_upstream_gen,-,-
3076,T,A,0.00562,variante_upstream_gen,-,-
3236,C,T,0.187142,variante_sinonima,hoar,p.Glu422Glu
3530,A,G,0.040964,variante_sinonima,hoar,p.Ile324Ile
3656,T,G,0.003187,variante_sinonima,hoar,p.Val282Val
4079,G,A,0.026458,variante_sinonima,hoar,p.Ile141Ile
4689,A,G,0.031087,variante_sinonima,sf5,p.Val13Val
4719,G,A,0.027038,variante_sinonima,sf5,p.Phe3Phe
4733,T,C,0.028542,variante_sinonima,sf6,p.Pro56Pro
4796,T,C,0.028295,variante_sinonima,sf6,p.Lys35Lys
5260,C,T,0.34018,variante_sinonima,sf8,p.Ile42Ile
5995,A,G,0.084011,variante_sinonima,sf8,p.Leu287Leu
6203,A,T,0.044011,variante_sinsentido,sf8,p.Thr357Ser
6401,C,T,0.404831,variante_sinonima,sf8,p.Leu423Leu
6550,A,G,0.498274,variante_sinonima,sf8,p.Lys472Lys
6702,A,T,0.092823,variante_upstream_gen,-,-
6715,C,T,0.093137,variante_upstream_gen,-,-
6826,A,C,0.286488,variante_sinonima,pif-5,p.Ser18Ser
6973,A,T,0.290255,variante_sinsentido,pif-5,p.Glu67Asp
7453,C,T,0.07357,variante_sinonima,pif-5,p.Asp227Asp
7630,T,C,0.06993,variante_sinonima,pif-5,p.Phe286Phe
7819,G,A,0.445187,variante_sinonima,pif-5,p.Gln349Gln
8642,G,A,0.053581,variante_sinonima,me53,p.Lys187Lys
8669,G,A,0.037305,variante_sinonima,me53,p.Lys196Lys
8851,C,A,0.036323,variante_sinsentido,me53,p.Thr257Asn
9183,A,G,0.001826,variante_upstream_gen,-,-
9188,C,G,0.00299,variante_upstream_gen,-,-
9245,T,C,0.175558,variante_upstream_gen,-,-
9248,A,T,0.009056,variante_upstream_gen,-,-
9283,T,C,0.004836,variante_upstream_gen,-,-
9303,G,A,0.300225,variante_upstream_gen,-,-
9547,T,C,0.002504,variante_upstream_gen,-,-
9599,C,A,0.005956,variante_upstream_gen,-,-
9803,A,C,0.012888,variante_upstream_gen,-,-
9812,T,C,0.007088,variante_upstream_gen,-,-
9827,A,T,0.005995,variante_upstream_gen,-,-
10224,T,C,0.004801,variante_upstream_gen,-,-
10244,A,G,0.003999,variante_upstream_gen,-,-
10428,G,A,0.392324,variante_upstream_gen,-,-
10830,G,A,0.235504,variante_upstream_gen,-,-
10867,C,A,0.008106,variante_upstream_gen,-,-
10879,T,A,0.336714,variante_upstream_gen,-,-
11211,A,G,0.386287,variante_sinonima,efp,p.Thr12Thr
12084,C,T,0.340726,variante_sinonima,efp,p.Thr303Thr
12150,C,T,0.339107,variante_sinonima,efp,p.Val325Val
12387,T,C,0.46212,variante_sinonima,efp,p.Cys404Cys
12696,A,G,0.196697,variante_sinonima,efp,p.Leu507Leu
12823,T,C,0.307922,variante_sinonima,efp,p.Leu550Leu
12825,A,G,0.308165,variante_sinonima,efp,p.Leu550Leu
13204,C,A,0.003525,variante_sinsentido,efp,p.Pro677Thr
13329,G,T,0.005146,variante_upstream_gen,-,-
13341,G,T,0.003413,variante_upstream_gen,-,-
13900,C,T,0.004451,variante_sinsentido,p24,p.Ser175Asn
13911,A,G,0.023922,variante_sinonima,p24,p.Asn171Asn
14082,G,A,0.43926,variante_sinonima,p24,p.Arg114Arg
14202,G,A,0.498627,variante_sinonima,p24,p.Val74Val
14208,A,G,0.495934,variante_sinonima,p24,p.Pro72Pro
14244,A,G,0.502168,variante_sinonima,p24,p.Leu60Leu
14671,T,C,0.371901,variante_sinonima,sf15,p.Arg67Arg
14909,A,G,0.376492,variante_sinonima,lef-2,p.Lys49Lys
15143,C,T,0.245899,variante_sinonima,lef-2,p.Gly127Gly
15363,T,A,0.244515,variante_sinsentido,lef-2,p.Leu201Met
15371,T,C,0.239909,variante_sinonima,lef-2,p.Asn203Asn
15436,A,T,0.019533,variante_upstream_gen,-,-
15480,G,A,0.151153,variante_sinonima,38.7k,p.Thr374Thr
15651,C,T,0.23988,variante_sinonima,38.7k,p.Arg317Arg
15678,T,C,0.250397,variante_sinonima,38.7k,p.Glu308Glu
15686,T,C,0.249964,variante_sinsentido,38.7k,p.Ser306Gly
15870,G,A,0.274794,variante_sinonima,38.7k,p.Ser244Ser
15882,C,T,0.275954,variante_sinonima,38.7k,p.Lys240Lys
15921,A,G,0.280873,variante_sinonima,38.7k,p.Asp227Asp
16293,A,G,0.252099,variante_sinonima,38.7k,p.Asp103Asp
16344,G,T,0.0045,variante_sinonima,38.7k,p.Ala86Ala
16349,A,C,0.003017,variante_sinsentido,38.7k,p.Phe85Val
16395,T,C,0.476988,variante_sinonima,38.7k,p.Thr69Thr
17211,G,A,0.140261,variante_sinonima,lef-1,p.Ser38Ser
17212,G,A,0.140637,variante_sinsentido,lef-1,p.Ser38Phe
17632,C,T,0.011395,variante_sinonima,sf19,p.Pro106Pro
17719,A,C,0.004156,variante_sinsentido,sf19,p.Lys135Asn
17739,C,T,0.012036,variante_sinonima,v-cath,p.Leu332Leu
17970,G,A,0.466761,variante_sinonima,v-cath,p.Val255Val
18345,T,G,0.47276,variante_sinonima,v-cath,p.Ala130Ala
18405,T,C,0.458082,variante_sinonima,v-cath,p.Leu110Leu
18507,C,T,0.361075,variante_sinonima,v-cath,p.Lys76Lys
18836,T,A,0.004641,variante_upstream_gen,-,-
18839,G,T,0.004445,variante_upstream_gen,-,-
18891,C,A,0.008375,variante_sinsentido,lef-7,p.Met339Ile
19116,C,T,0.356062,variante_sinonima,lef-7,p.Gly264Gly
19117,C,T,0.355982,variante_sinsentido,lef-7,p.Gly264Glu
19140,C,T,0.373421,variante_sinsentido,lef-7,p.Met256Ile
19200,C,T,0.384066,variante_sinonima,lef-7,p.Val236Val
19481,T,C,0.171192,variante_sinsentido,lef-7,p.Thr143Ala
19773,C,G,0.176121,variante_sinsentido,lef-7,p.Glu45Asp
20098,T,C,0.188535,variante_sinonima,chiA,p.Ser54Ser
20380,A,G,0.178233,variante_sinonima,chiA,p.Lys148Lys
20743,G,A,0.177161,variante_sinonima,chiA,p.Gly269Gly
21173,T,C,0.202901,variante_sinsentido,chiA,p.Ser413Pro
21200,C,T,0.203869,variante_sinonima,chiA,p.Leu422Leu
21515,T,C,0.061235,variante_sinonima,chiA,p.Leu527Leu
22253,T,C,0.346836,variante_sinonima,sf23,p.Tyr122Tyr
22470,G,A,0.010548,variante_sinsentido,sf23,p.Glu195Lys
22479,A,G,0.341355,variante_sinsentido,sf23,p.Lys198Glu
22482,A,G,0.286872,variante_sinsentido,sf23,p.Lys199Glu
22494,G,A,0.026888,variante_sinsentido,sf23,p.Glu203Lys
22499,T,A,0.011601,variante_sinsentido,sf23,p.Asp204Glu
22499,T,G,0.022402,variante_sinsentido,sf23,p.Asp204Glu
22538,C,A,0.005475,variante_sinonima,sf23,p.Ile217Ile
22604,A,G,0.01103,variante_upstream_gen,-,-
22646,G,T,0.003882,variante_upstream_gen,-,-
22973,T,C,0.374311,variante_sinsentido,gp37,p.Ser104Pro
23285,G,T,0.369534,variante_sinsentido,gp37,p.Ala208Ser
23314,G,A,0.364128,variante_sinonima,gp37,p.Arg217Arg
23371,T,C,0.368919,variante_sinonima,gp37,p.Val236Val
23377,A,C,0.367085,variante_sinonima,gp37,p.Gly238Gly
23434,T,C,0.334594,variante_sinonima,gp37,p.His257His
23446,G,A,0.358656,splice_region_variant&stop_retained_variant,gp37,p.Ter261Ter
23548,G,A,0.394233,variante_sinonima,ptp-2,p.Ile133Ile
24210,G,A,0.004293,variante_sinsentido,egt,p.Val57Ile
24212,C,T,0.004023,variante_sinonima,egt,p.Val57Val
24431,C,T,0.174474,variante_sinonima,egt,p.Ser130Ser
24515,T,C,0.172463,variante_sinonima,egt,p.Ile158Ile
24590,G,T,0.09148,variante_sinonima,egt,p.Ala183Ala
24677,G,C,0.186078,variante_sinonima,egt,p.Val212Val
24987,G,T,0.190517,variante_sinsentido,egt,p.Gly316Cys
25040,T,C,0.230385,variante_sinonima,egt,p.Leu333Leu
25283,G,A,0.228609,variante_sinsentido,egt,p.Met414Ile
25424,G,T,0.24549,variante_sinsentido,egt,p.Met461Ile
27046,C,A,0.00478,variante_sinsentido,sf29,p.Lys866Asn
27541,A,G,0.302098,variante_sinonima,sf29,p.Phe701Phe
27550,G,A,0.41244,variante_sinonima,sf29,p.Phe698Phe
27631,A,G,0.205475,variante_sinonima,sf29,p.Ala671Ala
27715,A,G,0.041252,variante_sinonima,sf29,p.Phe643Phe
27878,A,G,0.079134,variante_sinsentido,sf29,p.Leu589Ser
27937,G,A,0.042642,variante_sinonima,sf29,p.Ile569Ile
28031,T,C,0.072049,variante_sinsentido,sf29,p.Lys538Arg
28132,A,G,0.071355,variante_sinonima,sf29,p.Asn504Asn
28156,G,A,0.071912,variante_sinonima,sf29,p.Asn496Asn
28162,A,T,0.070563,variante_sinonima,sf29,p.Ile494Ile
28180,G,A,0.070196,variante_sinonima,sf29,p.Asn488Asn
28213,T,C,0.123917,variante_sinonima,sf29,p.Lys477Lys
28360,T,G,0.288335,variante_sinonima,sf29,p.Val428Val
28363,G,A,0.288101,variante_sinonima,sf29,p.Leu427Leu
28444,G,A,0.078264,variante_sinonima,sf29,p.Arg400Arg
28486,G,A,0.309071,variante_sinonima,sf29,p.Phe386Phe
28648,A,G,0.286029,variante_sinonima,sf29,p.Asn332Asn
28652,C,T,0.285023,variante_sinsentido,sf29,p.Arg331Lys
28887,C,T,0.218363,variante_sinsentido,sf29,p.Val253Ile
28907,C,G,0.217009,variante_sinsentido,sf29,p.Ser246Thr
29384,C,T,0.435962,variante_sinsentido,sf29,p.Arg87His
29507,T,C,0.108959,variante_sinsentido,sf29,p.His46Arg
29514,C,T,0.003512,variante_sinsentido,sf29,p.Val44Ile
29651,A,G,0.398228,variante_upstream_gen,-,-
30287,G,A,0.430408,variante_sinonima,sf30,p.Leu178Leu
30310,T,C,0.354487,variante_upstream_gen,-,-
30315,C,T,0.355499,variante_upstream_gen,-,-
30320,A,G,0.351176,variante_upstream_gen,-,-
30364,G,A,0.324765,variante_upstream_gen,-,-
30372,T,C,0.324633,variante_upstream_gen,-,-
30641,G,A,0.331372,variante_sinonima,pkip-1,p.Leu85Leu
30677,T,C,0.332477,variante_sinonima,pkip-1,p.Tyr97Tyr
30725,C,G,0.316994,variante_sinonima,pkip-1,p.Thr113Thr
30740,T,G,0.344544,variante_sinonima,pkip-1,p.Ala118Ala
31534,C,T,0.004094,variante_sinsentido,arif-1,p.Val264Ile
31537,C,T,0.012725,variante_sinsentido,arif-1,p.Ala263Thr
31769,C,T,0.267918,variante_sinonima,arif-1,p.Thr185Thr
31964,C,T,0.23013,variante_sinonima,arif-1,p.Thr120Thr
32173,T,C,0.274191,variante_sinsentido,arif-1,p.Thr51Ala
33167,G,A,0.243141,variante_sinonima,pif-2,p.Glu316Glu
33311,G,A,0.223268,variante_sinonima,pif-2,p.Ser364Ser
33386,C,T,0.21898,variante_sinonima,pif-2,p.Phe389Phe
33482,G,A,0.222625,variante_sinsentido,pif-1,p.Val17Ile
33985,C,T,0.429856,variante_sinonima,pif-1,p.Cys184Cys
34069,A,C,0.003378,variante_sinonima,pif-1,p.Ile212Ile
34783,C,T,0.419288,variante_sinonima,pif-1,p.Gly450Gly
34852,T,C,0.362472,variante_sinonima,pif-1,p.Asn473Asn
34975,T,C,0.007458,variante_sinonima,pif-1,p.Asn514Asn
35205,A,C,0.113127,variante_sinonima,sf36,p.Arg59Arg
35467,C,T,0.458846,variante_sinsentido,fgf,p.Val321Ile
35510,A,G,0.454448,variante_sinonima,fgf,p.Val306Val
35699,C,T,0.394421,variante_sinonima,fgf,p.Lys243Lys
35808,G,A,0.307102,variante_sinsentido,fgf,p.Ser207Leu
35870,G,T,0.452648,variante_sinsentido,fgf,p.Asp186Glu
36080,T,G,0.237535,variante_sinonima,fgf,p.Ala116Ala
36191,T,C,0.472331,variante_sinonima,fgf,p.Leu79Leu
36287,C,T,0.467874,variante_sinonima,fgf,p.Thr47Thr
36348,T,C,0.468627,variante_sinsentido,fgf,p.Asn27Ser
36565,T,A,0.003579,variante_upstream_gen,-,-
36567,T,A,0.003926,variante_upstream_gen,-,-
36625,A,G,0.320887,variante_upstream_gen,-,-
36655,T,C,0.315082,variante_upstream_gen,-,-
36849,G,A,0.179683,variante_sinonima,sf38,p.Ser60Ser
37083,T,C,0.073239,variante_sinonima,sf38,p.Thr138Thr
37110,C,T,0.07241,variante_sinonima,sf38,p.His147His
37146,A,C,0.052882,variante_sinonima,sf38,p.Ile159Ile
37383,G,T,0.003434,variante_sinsentido,sf38,p.Leu238Phe
37569,G,A,0.407699,variante_sinonima,alk-exo,p.Ile359Ile
37788,A,G,0.372487,variante_sinonima,alk-exo,p.Ser286Ser
37836,T,C,0.361678,variante_sinonima,alk-exo,p.Lys270Lys
37950,T,C,0.386699,variante_sinonima,alk-exo,p.Ser232Ser
38393,G,A,0.264549,variante_sinonima,alk-exo,p.Leu85Leu
38709,A,G,0.490534,variante_upstream_gen,-,-
38718,C,T,0.466389,variante_upstream_gen,-,-
38719,A,G,0.464598,variante_upstream_gen,-,-
38751,A,T,0.479885,variante_upstream_gen,-,-
38823,A,G,0.218346,variante_upstream_gen,-,-
38827,T,G,0.217791,variante_upstream_gen,-,-
38836,G,A,0.221082,variante_upstream_gen,-,-
38991,A,C,0.206177,variante_upstream_gen,-,-
39004,C,G,0.203746,variante_upstream_gen,-,-
39013,T,C,0.180698,variante_upstream_gen,-,-
39014,G,A,0.179394,variante_upstream_gen,-,-
39033,C,T,0.214792,variante_upstream_gen,-,-
39046,G,A,0.217527,variante_upstream_gen,-,-
39058,C,T,0.217771,variante_upstream_gen,-,-
39067,T,G,0.261583,variante_upstream_gen,-,-
39075,G,T,0.211424,variante_upstream_gen,-,-
39090,A,G,0.22165,variante_upstream_gen,-,-
39101,C,T,0.221079,variante_upstream_gen,-,-
39159,C,T,0.226253,variante_upstream_gen,-,-
39172,G,C,0.223161,variante_upstream_gen,-,-
39245,A,G,0.473333,variante_sinonima,sf40,p.Asp92Asp
39411,G,A,0.044465,variante_sinsentido,sf40,p.Ala37Val
40553,T,C,0.418162,variante_sinonima,sf41,p.Ile345Ile
40586,G,T,0.004846,variante_sinsentido,sf41,p.Trp356Cys
40587,G,T,0.005871,stop_gained,sf41,p.Glu357*
40717,C,T,0.410701,variante_sinsentido,sf42,p.Asp115Asn
41137,C,A,0.005157,stop_gained,sf43,p.Glu392*
41878,A,T,0.481501,variante_sinsentido,sf43,p.Leu145Ile
41953,G,T,0.484333,variante_sinsentido,sf43,p.Leu120Ile
42505,A,G,0.300087,variante_upstream_gen,-,-
42507,A,C,0.299228,variante_upstream_gen,-,-
42550,T,C,0.310803,variante_sinonima,sf44,p.Arg11Arg
42575,G,A,0.31287,variante_sinsentido,sf44,p.Gly20Ser
42583,G,A,0.312124,variante_sinonima,sf44,p.Lys22Lys
42649,C,T,0.268114,variante_sinonima,sf44,p.Ile44Ile
42956,G,A,0.343451,variante_sinsentido,sf44,p.Val147Ile
43743,T,G,0.003393,variante_sinsentido,pep,p.Asn194His
44297,T,A,0.009023,variante_sinsentido,pep,p.Gln9Leu
44314,C,A,0.006612,variante_sinsentido,pep,p.Leu3Phe
44318,G,A,0.00993,variante_sinsentido,pep,p.Ser2Leu
44320,C,A,0.007364,start_lost,pep,p.Met1?
44327,T,A,0.005807,variante_upstream_gen,-,-
44333,C,A,0.009545,variante_upstream_gen,-,-
44358,C,A,0.004082,variante_upstream_gen,-,-
44737,A,T,0.00209,variante_sinsentido,sf47,p.Cys74Ser
44738,A,C,0.00282,stop_gained,sf47,p.Tyr73*
44750,A,G,0.40713,variante_sinonima,sf47,p.Pro69Pro
45206,T,C,0.399318,variante_sinonima,sod,p.Ser91Ser
45483,G,A,0.160319,variante_upstream_gen,-,-
45769,A,C,0.186036,variante_sinsentido,pif-3,p.Lys75Gln
46375,A,G,0.171647,variante_sinonima,sf50,p.Val66Val
46495,T,C,0.414571,variante_sinonima,sf50,p.Ser106Ser
46525,T,C,0.412539,variante_sinonima,sf50,p.Tyr116Tyr
47026,A,G,0.262701,variante_sinsentido,sf51,p.Ile146Val
47625,C,T,0.157418,variante_sinonima,sf51,p.Phe345Phe
48172,G,A,0.456614,variante_sinonima,sf52,p.Glu2Glu
49034,T,C,0.386837,variante_sinonima,sf53,p.Lys310Lys
49316,T,C,0.375177,variante_sinonima,sf53,p.Lys216Lys
49640,G,A,0.361095,variante_sinonima,sf53,p.Phe108Phe
50155,T,C,0.2568,variante_upstream_gen,-,-
50160,A,G,0.242752,variante_upstream_gen,-,-
50169,A,C,0.216112,variante_upstream_gen,-,-
50180,A,G,0.176967,variante_upstream_gen,-,-
50185,T,C,0.160378,variante_upstream_gen,-,-
50192,C,T,0.033181,variante_upstream_gen,-,-
50197,A,G,0.005599,variante_upstream_gen,-,-
50203,T,A,0.015817,variante_upstream_gen,-,-
50208,G,C,0.043661,variante_upstream_gen,-,-
50220,C,T,0.124647,variante_upstream_gen,-,-
50221,A,G,0.126616,variante_upstream_gen,-,-
50256,G,A,0.243595,variante_upstream_gen,-,-
50264,A,G,0.265511,variante_upstream_gen,-,-
50299,A,G,0.390639,variante_upstream_gen,-,-
50326,A,G,0.370048,variante_upstream_gen,-,-
50328,C,A,0.367239,variante_upstream_gen,-,-
50334,T,G,0.358221,variante_upstream_gen,-,-
50335,C,T,0.356471,variante_upstream_gen,-,-
50336,A,G,0.359005,variante_upstream_gen,-,-
50503,C,T,0.379786,variante_upstream_gen,-,-
51093,A,T,0.380239,variante_sinsentido,sf55,p.Gln29His
51852,T,C,0.259138,variante_sinonima,p13,p.Ile53Ile
52622,T,C,0.28565,variante_sinonima,odv-e66,p.Phe12Phe
52631,C,T,0.289224,variante_sinonima,odv-e66,p.Phe15Phe
52728,A,T,0.006263,variante_sinsentido,odv-e66,p.Asn48Tyr
52737,A,T,0.003547,variante_sinsentido,odv-e66,p.Asn51Tyr
52757,T,C,0.028535,variante_sinonima,odv-e66,p.Asn57Asn
52760,A,C,0.160782,variante_sinsentido,odv-e66,p.Glu58Asp
52788,G,A,0.205476,variante_sinsentido,odv-e66,p.Asp68Asn
53222,T,C,0.377929,variante_sinonima,odv-e66,p.Tyr212Tyr
53363,G,A,0.455392,variante_sinonima,odv-e66,p.Lys259Lys
53507,T,C,0.459202,variante_sinonima,odv-e66,p.Leu307Leu
53642,C,T,0.424989,variante_sinonima,odv-e66,p.Ile352Ile
53656,A,G,0.425286,variante_sinsentido,odv-e66,p.Asp357Gly
53849,C,T,0.303646,variante_sinonima,odv-e66,p.Gly421Gly
53870,G,C,0.302763,variante_sinonima,odv-e66,p.Leu428Leu
54120,C,A,0.411667,variante_sinsentido,odv-e66,p.Leu512Ile
54239,C,T,0.443469,variante_sinonima,odv-e66,p.Asp551Asp
54275,T,C,0.440102,variante_sinonima,odv-e66,p.Ala563Ala
54281,G,A,0.441072,variante_sinonima,odv-e66,p.Gln565Gln
54340,T,C,0.436461,variante_sinsentido,odv-e66,p.Val585Ala
54368,T,G,0.44172,variante_sinonima,odv-e66,p.Thr594Thr
54458,G,A,0.330885,variante_sinonima,odv-e66,p.Val624Val
54461,T,C,0.329788,variante_sinonima,odv-e66,p.Leu625Leu
54532,G,A,0.331238,variante_sinsentido,odv-e66,p.Ser649Asn
54601,C,T,0.335931,variante_sinsentido,odv-e66,p.Ser672Leu
54638,T,C,0.336108,variante_sinonima,odv-e66,p.Phe684Phe
54682,T,C,0.334834,variante_sinonima,sf58,p.Pro111Pro
54751,T,G,0.005698,variante_sinonima,sf58,p.Ala88Ala
54784,G,A,0.330889,variante_sinonima,sf58,p.Phe77Phe
54789,T,G,0.004107,variante_sinsentido,sf58,p.Thr76Pro
55067,T,C,0.30062,variante_sinonima,odv-ec43,p.Ala349Ala
55094,T,C,0.23226,variante_sinonima,odv-ec43,p.Thr340Thr
56321,G,A,0.232109,variante_sinonima,vp80,p.Asp556Asp
56617,A,T,0.244473,variante_sinsentido,vp80,p.Phe458Ile
56821,T,C,0.243673,variante_sinsentido,vp80,p.Ile390Val
57588,C,A,0.244501,variante_sinsentido,vp80,p.Gly134Val
57643,C,T,0.33871,variante_sinsentido,vp80,p.Asp116Asn
57847,C,T,0.323614,variante_sinsentido,vp80,p.Val48Ile
57941,G,A,0.330743,variante_sinonima,vp80,p.Phe16Phe
58059,C,A,0.003507,variante_sinsentido,p45,p.Phe10Leu
58284,C,T,0.33102,variante_sinonima,p45,p.Phe85Phe
58692,T,C,0.329317,variante_sinonima,p45,p.Cys221Cys
58722,C,T,0.335355,variante_sinonima,p45,p.His231His
58800,T,C,0.3496,variante_sinonima,p45,p.Phe257Phe
58866,G,A,0.351791,variante_sinonima,p45,p.Val279Val
58959,C,T,0.35474,variante_sinonima,p45,p.Phe310Phe
58995,T,C,0.348658,variante_sinonima,p45,p.Tyr322Tyr
59281,C,T,0.005954,variante_sinonima,p12,p.Ala49Ala
59605,A,C,0.00269,variante_sinsentido,p40,p.Gln48Pro
59667,T,G,0.00375,variante_sinsentido,p40,p.Leu69Val
59681,T,C,0.00522,variante_sinonima,p40,p.Ala73Ala
59709,G,C,0.003516,variante_sinsentido,p40,p.Glu83Gln
59716,C,A,0.020429,variante_sinsentido,p40,p.Pro85Gln
60047,T,C,0.365078,variante_sinonima,p40,p.Asp195Asp
60053,C,T,0.364702,variante_sinonima,p40,p.Ile197Ile
60079,C,A,0.365208,variante_sinsentido,p40,p.Ser206Tyr
60357,T,C,0.345618,variante_sinonima,p40,p.Leu299Leu
60380,A,C,0.192186,variante_sinonima,p40,p.Ala306Ala
60564,A,G,0.191402,variante_sinsentido,p40,p.Ser368Gly
61017,C,T,0.477576,variante_sinonima,lef-5,p.Leu239Leu
61236,C,T,0.25257,variante_sinonima,lef-5,p.Pro166Pro
61822,C,T,0.429832,variante_sinsentido,38k,p.Ala64Val
62030,G,A,0.20195,variante_sinonima,38k,p.Thr133Thr
62402,T,C,0.460192,variante_sinonima,38k,p.Leu257Leu
62582,A,G,0.32858,variante_sinsentido,sf68,p.Ile13Val
62592,C,A,0.003489,variante_sinsentido,sf68,p.Thr16Lys
62791,G,A,0.449136,variante_sinonima,sf68,p.Pro82Pro
62799,A,T,0.449252,variante_sinsentido,sf68,p.Lys85Ile
62840,G,A,0.354685,variante_sinsentido,sf68,p.Val99Ile
62859,C,T,0.294688,variante_sinsentido,sf68,p.Ser105Leu
64029,G,T,0.00316,variante_upstream_gen,-,-
64055,A,T,0.004147,variante_upstream_gen,-,-
64659,G,A,0.341868,variante_sinonima,pif-4,p.Asn134Asn
64902,C,T,0.332821,variante_sinonima,pif-4,p.Ser53Ser
65138,T,C,0.22774,variante_sinsentido,dnahel,p.Val36Ala
65496,C,T,0.178261,variante_sinonima,dnahel,p.Tyr155Tyr
65655,C,T,0.431847,variante_sinonima,dnahel,p.Gly208Gly
65658,C,A,0.43098,variante_sinonima,dnahel,p.Arg209Arg
66096,T,C,0.236695,variante_sinonima,dnahel,p.Ile355Ile
66603,C,T,0.469387,variante_sinonima,dnahel,p.Thr524Thr
66861,G,A,0.198759,variante_sinonima,dnahel,p.Ser610Ser
67219,C,T,0.004185,variante_sinsentido,dnahel,p.His730Tyr
67473,C,T,0.006323,variante_sinonima,dnahel,p.Asn814Asn
67476,C,T,0.028531,variante_sinonima,dnahel,p.Asp815Asp
68007,T,C,0.203988,variante_sinonima,dnahel,p.Asp992Asp
69521,A,G,0.078452,variante_sinonima,p18,p.Ile134Ile
69673,C,A,0.003539,variante_sinsentido,p18,p.Asp84Tyr
69815,G,A,0.0763,variante_sinonima,p18,p.Ile36Ile
69821,G,A,0.076298,variante_sinonima,p18,p.Gly34Gly
70268,C,T,0.108604,variante_sinonima,p33,p.Phe115Phe
70330,T,C,0.103005,variante_sinsentido,p33,p.Ile136Thr
70331,T,C,0.103157,variante_sinonima,p33,p.Ile136Ile
70439,G,A,0.102449,variante_sinonima,p33,p.Ser172Ser
70455,C,T,0.107719,variante_sinonima,p33,p.Leu178Leu
70674,C,T,0.160938,variante_sinonima,p33,p.Leu251Leu
70701,T,A,0.160646,variante_upstream_gen,-,-
70787,A,C,0.002343,variante_sinsentido,lef-4,p.Ile440Ser
70864,T,C,0.197234,variante_sinonima,lef-4,p.Glu414Glu
71008,C,T,0.205857,variante_sinonima,lef-4,p.Pro366Pro
71194,A,G,0.356794,variante_sinonima,lef-4,p.His304His
71647,A,G,0.280348,variante_sinonima,lef-4,p.Ile153Ile
73143,C,T,0.286475,variante_upstream_gen,-,-
73148,A,T,0.004625,variante_upstream_gen,-,-
73244,A,T,0.300489,variante_upstream_gen,-,-
73425,C,T,0.340257,variante_sinonima,cg30,p.Cys41Cys
74262,A,T,0.448196,variante_sinsentido,cg30,p.Glu320Asp
74373,C,T,0.446745,variante_sinonima,cg30,p.Asp357Asp
74394,C,A,0.006434,variante_sinonima,cg30,p.Ser364Ser
74811,G,A,0.443551,variante_sinonima,pif-8,p.Cys799Cys
74945,C,T,0.480537,variante_sinsentido,pif-8,p.Val755Met
75237,A,C,0.044948,variante_sinsentido,pif-8,p.Asp657Glu
75257,T,C,0.044129,variante_sinsentido,pif-8,p.Ser651Gly
76515,G,T,0.095182,variante_sinonima,pif-8,p.Leu231Leu
77034,C,T,0.119219,variante_sinonima,pif-8,p.Gln58Gln
77920,C,T,0.160928,variante_sinonima,ac81-like,p.Phe116Phe
78345,G,T,0.189776,variante_sinsentido,gp41,p.Ala25Ser
78351,A,G,0.16719,variante_sinsentido,gp41,p.Thr27Ala
78353,A,G,0.163959,variante_sinonima,gp41,p.Thr27Thr
78354,A,G,0.165931,variante_sinsentido,gp41,p.Thr28Ala
78416,C,T,0.202666,variante_sinonima,gp41,p.Tyr48Tyr
78479,C,T,0.201705,variante_sinonima,gp41,p.Asn69Asn
78590,A,G,0.194661,variante_sinonima,gp41,p.Pro106Pro
79190,C,T,0.002216,variante_sinonima,gp41,p.Thr306Thr
79846,C,T,0.148243,variante_sinonima,vlf-1,p.Leu68Leu
79872,T,C,0.146148,variante_sinonima,vlf-1,p.Ile76Ile
80574,C,T,0.148839,variante_sinonima,vlf-1,p.Tyr310Tyr
80839,T,C,0.147832,variante_upstream_gen,-,-
80949,C,T,0.153803,variante_upstream_gen,-,-
81104,C,T,0.150691,variante_upstream_gen,-,-
81113,G,A,0.150871,variante_upstream_gen,-,-
81123,T,C,0.151379,variante_upstream_gen,-,-
81206,G,A,0.153501,variante_sinonima,sf85,p.Leu51Leu
81229,G,A,0.151441,variante_sinsentido,sf85,p.Ser43Leu
81272,T,C,0.146783,variante_sinsentido,sf85,p.Asn29Asp
81335,A,C,0.180825,variante_sinsentido,sf85,p.Tyr8Asp
81359,A,C,0.004488,variante_upstream_gen,-,-
81366,T,A,0.480329,variante_upstream_gen,-,-
81373,T,C,0.126049,variante_upstream_gen,-,-
81375,C,A,0.123302,variante_upstream_gen,-,-
81378,T,G,0.122671,variante_upstream_gen,-,-
81380,G,A,0.125711,variante_upstream_gen,-,-
81411,A,T,0.008479,variante_upstream_gen,-,-
81447,C,T,0.001979,variante_upstream_gen,-,-
81454,C,T,0.191125,variante_upstream_gen,-,-
81465,C,T,0.189883,variante_upstream_gen,-,-
81516,T,G,0.003262,variante_sinsentido,p26a,p.Lys238Thr
81545,A,G,0.181923,variante_sinonima,p26a,p.Asn228Asn
81548,G,A,0.18261,variante_sinonima,p26a,p.Ile227Ile
81611,A,G,0.185822,variante_sinonima,p26a,p.His206His
81656,G,A,0.185335,variante_sinonima,p26a,p.Asp191Asp
81665,T,C,0.184925,variante_sinonima,p26a,p.Val188Val
81911,T,C,0.181336,variante_sinonima,p26a,p.Arg106Arg
82019,C,T,0.01066,variante_sinonima,p26a,p.Lys70Lys
82027,C,T,0.409756,variante_sinsentido,p26a,p.Asp68Asn
82157,C,T,0.011673,variante_sinonima,p26a,p.Thr24Thr
82810,C,T,0.19371,variante_sinonima,iap-0,p.Glu110Glu
82969,C,T,0.374843,variante_sinonima,iap-0,p.Arg57Arg
83390,C,T,0.367149,variante_sinonima,mtase-1,p.Ser151Ser
83486,T,G,0.194633,variante_sinonima,mtase-1,p.Val119Val
83552,G,A,0.211241,variante_sinonima,mtase-1,p.Phe97Phe
83606,G,A,0.222998,variante_sinonima,mtase-1,p.Asn79Asn
84573,G,A,0.12988,variante_sinonima,lef-3,p.Glu122Glu
84591,G,A,0.136717,variante_sinonima,lef-3,p.Lys128Lys
84617,A,C,0.006381,variante_sinsentido,lef-3,p.Glu137Ala
84723,C,T,0.132367,variante_sinonima,lef-3,p.Asn172Asn
84865,A,G,0.134896,variante_sinsentido,lef-3,p.Ile220Val
84885,C,T,0.136754,variante_sinonima,lef-3,p.Ile226Ile
85395,G,A,0.170382,variante_upstream_gen,-,-
85415,G,A,0.16427,variante_upstream_gen,-,-
85663,C,T,0.067384,variante_sinsentido,desmoplakin,p.Glu638Lys
86324,A,G,0.111203,variante_sinonima,desmoplakin,p.Ala417Ala
86561,T,C,0.192928,variante_sinonima,desmoplakin,p.Glu338Glu
86663,A,G,0.161624,variante_sinonima,desmoplakin,p.Ala304Ala
86906,A,G,0.249482,variante_sinonima,desmoplakin,p.Ser223Ser
86993,T,C,0.258877,variante_sinonima,desmoplakin,p.Thr194Thr
87176,C,T,0.434187,variante_sinonima,desmoplakin,p.Pro133Pro
87218,C,T,0.43189,variante_sinonima,desmoplakin,p.Gln119Gln
87725,C,T,0.473852,variante_sinonima,dnapol,p.Phe50Phe
87770,G,A,0.501638,variante_sinonima,dnapol,p.Glu65Glu
87779,T,C,0.505997,variante_sinonima,dnapol,p.Cys68Cys
87929,C,T,0.484145,variante_sinonima,dnapol,p.Ser118Ser
87932,C,T,0.483608,variante_sinonima,dnapol,p.Asp119Asp
87941,C,T,0.482098,variante_sinonima,dnapol,p.Asn122Asn
87944,C,T,0.481776,variante_sinonima,dnapol,p.Asn123Asn
87968,T,C,0.493228,variante_sinonima,dnapol,p.Leu131Leu
87980,C,T,0.497352,variante_sinonima,dnapol,p.Asn135Asn
88004,A,G,0.495971,variante_sinonima,dnapol,p.Leu143Leu
88034,A,G,0.411305,variante_sinonima,dnapol,p.Ser153Ser
88439,C,T,0.480711,variante_sinonima,dnapol,p.Gly288Gly
88484,C,T,0.469078,variante_sinonima,dnapol,p.Val303Val
88521,G,A,0.47033,variante_sinsentido,dnapol,p.Ala316Thr
88547,T,C,0.472372,variante_sinonima,dnapol,p.Ile324Ile
88853,T,C,0.477393,variante_sinonima,dnapol,p.Leu426Leu
89000,G,A,0.506622,variante_sinonima,dnapol,p.Lys475Lys
89597,C,T,0.15744,variante_sinonima,dnapol,p.Asn674Asn
90149,T,C,0.443978,variante_sinonima,dnapol,p.Arg858Arg
90182,T,C,0.441727,variante_sinonima,dnapol,p.Arg869Arg
90200,A,G,0.442802,variante_sinonima,dnapol,p.Ser875Ser
90308,G,A,0.485741,variante_sinonima,dnapol,p.Gln911Gln
90539,C,T,0.033841,variante_sinonima,dnapol,p.Asp988Asp
90572,G,A,0.022077,variante_sinonima,dnapol,p.Glu999Glu
90581,T,A,0.007464,variante_sinsentido,dnapol,p.Asp1002Glu
90593,A,G,0.242817,variante_sinonima,dnapol,p.Val1006Val
90812,A,G,0.157345,variante_sinonima,sf93,p.Tyr102Tyr
90815,G,A,0.158104,variante_sinonima,sf93,p.Asp101Asp
91007,C,T,0.163277,variante_sinonima,sf93,p.Arg37Arg
91281,G,A,0.161316,variante_sinonima,sf94,p.Leu41Leu
91314,G,A,0.25933,variante_sinonima,sf94,p.Leu30Leu
92106,T,C,0.47182,variante_sinonima,sf96,p.Tyr89Tyr
92127,A,G,0.474592,variante_sinonima,sf96,p.Lys96Lys
92166,A,G,0.507336,variante_sinonima,sf96,p.Lys109Lys
93093,T,G,0.006598,variante_sinsentido,lef-9,p.Asp266Ala
94355,A,C,0.003034,variante_sinsentido,fp25k,p.Glu136Asp
94571,T,A,0.144046,variante_upstream_gen,-,-
94572,T,A,0.142547,variante_upstream_gen,-,-
95005,G,A,0.019024,variante_sinsentido,94k,p.Asp94Asn
95161,A,C,0.012475,variante_sinsentido,94k,p.Thr146Pro
96045,G,T,0.002922,variante_sinsentido,94k,p.Met440Ile
96169,C,T,0.003867,variante_sinonima,94k,p.Leu482Leu
96189,T,C,0.004153,variante_sinonima,94k,p.Asp488Asp
96228,C,T,0.004472,variante_sinonima,94k,p.Ser501Ser
96253,G,A,0.003887,variante_sinsentido,94k,p.Val510Ile
96489,A,G,0.276797,variante_sinonima,94k,p.Lys588Lys
96750,A,G,0.27983,variante_sinonima,94k,p.Arg675Arg
97452,A,G,0.390274,variante_sinonima,sf101,p.Leu77Leu
97482,A,G,0.388382,variante_sinonima,sf101,p.Pro87Pro
97551,C,T,0.34499,variante_sinonima,sf101,p.Asn110Asn
97759,G,A,0.086599,variante_sinsentido,sf101,p.Ala180Thr
97928,T,G,0.081788,variante_sinsentido,sf102,p.Glu117Asp
97943,T,C,0.081666,variante_sinonima,sf102,p.Lys112Lys
99337,T,G,0.004739,variante_sinsentido,vp1054,p.Gln254His
99358,T,G,0.003573,variante_sinonima,vp1054,p.Arg247Arg
99412,C,T,0.353756,variante_sinonima,vp1054,p.Lys229Lys
99781,G,C,0.217991,variante_sinonima,vp1054,p.Arg106Arg
99946,G,T,0.234547,variante_sinsentido,vp1054,p.Asp51Glu
99955,A,G,0.231541,variante_sinonima,vp1054,p.Pro48Pro
100744,C,T,0.140005,variante_sinonima,sf108,p.Ile118Ile
100864,C,A,0.003806,variante_sinsentido,sf108,p.Asn158Lys
101561,A,G,0.387304,variante_sinonima,ac53-like,p.Leu50Leu
102152,T,G,0.003054,variante_sinsentido,sf110,p.Ile130Arg
102487,A,G,0.004426,variante_sinonima,sf110a,p.Ser106Ser
102500,A,T,0.007727,variante_sinsentido,sf110a,p.Met102Lys
102503,A,G,0.008893,variante_sinsentido,sf110a,p.Leu101Ser
102516,A,C,0.008977,variante_sinsentido,sf110a,p.Cys97Gly
102672,T,A,0.003462,variante_sinsentido,sf110a,p.Asn45Tyr
102678,C,G,0.003909,variante_sinsentido,sf110a,p.Asp43His
102700,T,C,0.002266,variante_sinonima,sf110a,p.Thr35Thr
102734,T,C,0.09367,variante_sinsentido,sf110a,p.Tyr24Cys
102787,G,T,0.094978,stop_gained,sf110a,p.Cys6*
102949,T,C,0.003011,variante_upstream_gen,-,-
102955,T,C,0.029278,variante_upstream_gen,-,-
102978,G,A,0.035517,variante_upstream_gen,-,-
103066,G,A,0.09443,variante_upstream_gen,-,-
103289,T,C,0.092239,variante_sinonima,iap-3,p.Ala28Ala
103894,A,G,0.212861,variante_sinsentido,iap-3,p.Lys230Arg
104070,G,T,0.004508,variante_upstream_gen,-,-
104748,T,G,0.002881,variante_sinsentido,bjdp,p.Asn187Thr
104854,A,G,0.29014,variante_sinonima,bjdp,p.Leu152Leu
105125,T,C,0.274057,variante_sinonima,bjdp,p.Thr61Thr
105933,G,T,0.005338,variante_sinsentido,lef-8,p.Leu202Phe
105960,C,T,0.410035,variante_sinonima,lef-8,p.Ile211Ile
106141,T,C,0.263404,variante_sinonima,lef-8,p.Leu272Leu
106155,G,A,0.26391,variante_sinonima,lef-8,p.Glu276Glu
106170,T,C,0.262087,variante_sinonima,lef-8,p.Ile281Ile
106782,C,T,0.128402,variante_sinonima,lef-8,p.Tyr485Tyr
107379,C,T,0.037552,variante_sinonima,lef-8,p.Tyr684Tyr
107754,G,A,0.122189,variante_sinonima,lef-8,p.Pro809Pro
107766,T,C,0.121025,variante_sinonima,lef-8,p.Phe813Phe
107859,T,C,0.12613,variante_sinonima,lef-8,p.Asn844Asn
108020,G,A,0.125891,variante_upstream_gen,-,-
108556,T,C,0.232266,variante_sinsentido,odv-e66b,p.Thr605Ala
108570,G,A,0.232145,variante_sinsentido,odv-e66b,p.Ser600Leu
108664,T,C,0.003707,variante_sinsentido,odv-e66b,p.Asn569Asp
108682,A,C,0.171742,variante_sinsentido,odv-e66b,p.Tyr563Asp
108685,T,A,0.164589,variante_sinsentido,odv-e66b,p.Asn562Tyr
108695,A,G,0.015003,variante_sinonima,odv-e66b,p.Asn558Asn
108842,G,A,0.218221,variante_sinonima,odv-e66b,p.Val509Val
108920,A,G,0.213753,variante_sinonima,odv-e66b,p.Phe483Phe
109069,T,G,0.005129,variante_sinsentido,odv-e66b,p.Asn434His
110305,A,G,0.465129,variante_sinonima,odv-e66b,p.Leu22Leu
110563,A,G,0.353634,variante_sinsentido,p47,p.Ser56Gly
110763,G,A,0.467074,variante_sinonima,p47,p.Pro122Pro
110764,G,A,0.466832,variante_sinsentido,p47,p.Asp123Asn
110835,G,A,0.413186,variante_sinonima,p47,p.Leu146Leu
111003,C,T,0.002329,variante_sinonima,p47,p.Asp202Asp
111033,G,A,0.307072,variante_sinonima,p47,p.Lys212Lys
111415,T,C,0.477776,variante_sinonima,p47,p.Leu340Leu
111422,A,C,0.004488,variante_sinsentido,p47,p.Lys342Thr
111423,A,C,0.003493,variante_sinsentido,p47,p.Lys342Asn
111513,C,T,0.497497,variante_sinonima,p47,p.Asp372Asp
111659,A,T,0.007392,variante_upstream_gen,-,-
111662,A,T,0.005583,variante_upstream_gen,-,-
111883,A,G,0.487529,variante_sinonima,sf117,p.Lys68Lys
112246,A,G,0.354867,variante_sinonima,sf117,p.Ala189Ala
112247,A,G,0.354077,variante_sinsentido,sf117,p.Thr190Ala
112371,A,G,0.480963,variante_sinonima,sf118,p.Leu6Leu
112444,G,A,0.477317,variante_sinsentido,sf118,p.Val31Ile
112569,C,T,0.409946,variante_sinonima,sf118,p.Tyr72Tyr
112725,T,C,0.413098,variante_sinonima,sf118,p.Asn124Asn
112870,A,G,0.477472,variante_sinsentido,sf118,p.Ile173Val
113282,C,T,0.174068,variante_sinonima,adprase,p.Gly103Gly
113321,A,G,0.210277,variante_sinonima,adprase,p.Pro116Pro
114144,C,T,0.228095,variante_sinsentido,39k,p.Leu57Phe
114278,T,C,0.230703,variante_sinonima,39k,p.Asn101Asn
114670,T,C,0.476104,variante_sinsentido,39k,p.Ile232Thr
114940,G,T,0.002089,variante_sinsentido,sf122,p.Val3Phe
114990,C,T,0.461114,variante_sinonima,sf122,p.Pro19Pro
115083,C,T,0.452217,variante_sinonima,sf122,p.Gly50Gly
115119,C,T,0.444624,variante_sinonima,sf122,p.Asp62Asp
115152,T,C,0.416646,variante_sinonima,sf122,p.Phe73Phe
115153,C,A,0.418172,variante_sinsentido,sf122,p.Leu74Ile
115167,A,G,0.445316,variante_sinonima,sf122,p.Glu78Glu
115218,C,T,0.005133,variante_sinonima,sf122,p.Tyr95Tyr
115222,T,A,0.010412,variante_sinsentido,sf122,p.Leu97Met
115278,A,T,0.007789,variante_upstream_gen,-,-
115287,A,T,0.004557,variante_upstream_gen,-,-
115540,G,A,0.497475,variante_sinsentido,v-ubi,p.Thr77Ile
115545,G,A,0.496689,variante_sinonima,v-ubi,p.Gly75Gly
115835,C,G,0.233209,variante_sinsentido,sf125,p.Asn8Lys
116432,C,T,0.059342,variante_upstream_gen,-,-
116528,T,C,0.355287,variante_upstream_gen,-,-
116576,A,C,0.482846,variante_upstream_gen,-,-
116585,T,A,0.037924,variante_upstream_gen,-,-
116591,C,A,0.337771,variante_upstream_gen,-,-
116604,A,T,0.31138,variante_upstream_gen,-,-
116700,A,G,0.301947,variante_upstream_gen,-,-
116797,G,A,0.299534,variante_sinsentido,sf126,p.Pro122Leu
116800,A,G,0.29909,variante_sinsentido,sf126,p.Leu121Pro
117899,G,A,0.08841,variante_sinonima,dbp,p.Ala215Ala
118139,A,G,0.109541,variante_sinonima,dbp,p.Gln295Gln
118428,C,T,0.454993,variante_sinonima,lef-6,p.Ser55Ser
118458,C,T,0.457585,variante_sinonima,lef-6,p.Gly65Gly
118490,A,G,0.464437,variante_sinsentido,lef-6,p.Lys76Arg
118501,C,T,0.484682,variante_sinsentido,lef-6,p.His80Tyr
118506,T,C,0.457517,variante_sinonima,lef-6,p.His81His
118518,C,T,0.41684,variante_sinonima,lef-6,p.His85His
118519,C,T,0.4195,variante_sinsentido,lef-6,p.His86Tyr
118522,C,T,0.012227,variante_sinsentido,lef-6,p.His87Tyr
118531,A,C,0.00543,variante_sinonima,lef-6,p.Arg90Arg
118586,C,T,0.393074,variante_sinsentido,lef-6,p.Ser108Leu
119616,G,A,0.467575,variante_sinonima,p26b,p.Glu165Glu
119679,C,T,0.47263,variante_sinonima,p26b,p.Ile186Ile
119684,A,T,0.471695,variante_sinsentido,p26b,p.Tyr188Phe
120094,C,T,0.414834,variante_sinonima,p10,p.Asn49Asn
120127,A,G,0.410182,variante_sinonima,p10,p.Leu60Leu
120175,T,C,0.401561,variante_sinonima,p10,p.Asn76Asn
120190,A,G,0.39588,variante_sinonima,p10,p.Leu81Leu
120369,G,A,0.401701,variante_sinonima,sf133,p.Thr288Thr
120842,C,T,0.398583,variante_sinsentido,sf133,p.Glu131Lys
121009,T,A,0.238451,variante_sinsentido,sf133,p.Tyr75Phe
121023,A,G,0.229363,variante_sinonima,sf133,p.Asn70Asn
121026,G,A,0.229826,variante_sinonima,sf133,p.Asp69Asp
121077,A,G,0.245803,variante_sinonima,sf133,p.Ile52Ile
121122,G,A,0.249173,variante_sinonima,sf133,p.His37His
121466,C,T,0.291815,variante_sinsentido,pif-0,p.Ala576Thr
121476,C,T,0.180743,variante_sinonima,pif-0,p.Leu572Leu
121512,C,T,0.182381,variante_sinonima,pif-0,p.Leu560Leu
121581,C,T,0.185906,variante_sinonima,pif-0,p.Val537Val
121676,G,A,0.180646,variante_sinonima,pif-0,p.Leu506Leu
121782,A,G,0.194921,variante_sinonima,pif-0,p.Ala470Ala
121887,A,G,0.183347,variante_sinonima,pif-0,p.Ile435Ile
121949,T,C,0.127512,variante_sinsentido,pif-0,p.Ile415Val
122220,C,T,0.211252,variante_sinonima,pif-0,p.Ala324Ala
122325,A,G,0.310602,variante_sinonima,pif-0,p.Leu289Leu
122369,C,G,0.310041,variante_sinsentido,pif-0,p.Asp275His
122375,C,T,0.309932,variante_sinsentido,pif-0,p.Asp273Asn
122432,T,G,0.069615,variante_sinsentido,pif-0,p.Thr254Pro
122457,C,T,0.29377,variante_sinonima,pif-0,p.Pro245Pro
123134,A,G,0.144336,variante_sinsentido,pif-0,p.Tyr20His
123217,A,T,0.001818,variante_upstream_gen,-,-
123249,C,T,0.19248,variante_sinonima,sf135,p.Phe2Phe
123363,G,A,0.28926,variante_sinonima,sf135,p.Ser40Ser
123372,G,C,0.414429,variante_sinsentido,sf135,p.Glu43Asp
123889,G,A,0.042645,variante_sinonima,ie-1,p.Leu592Leu
123914,A,G,0.042813,variante_sinonima,ie-1,p.Thr583Thr
124154,T,C,0.043318,variante_sinonima,ie-1,p.Lys503Lys
124268,G,A,0.04617,variante_sinonima,ie-1,p.Phe465Phe
125148,T,C,0.048989,variante_sinsentido,ie-1,p.Asn172Ser
125279,T,C,0.049788,variante_sinonima,ie-1,p.Ser128Ser
125285,T,C,0.05012,variante_sinonima,ie-1,p.Ser126Ser
125505,T,G,0.003589,variante_sinsentido,ie-1,p.His53Pro
125550,T,G,0.001727,variante_sinsentido,ie-1,p.Lys38Thr
125621,C,T,0.038587,variante_sinonima,ie-1,p.Leu14Leu
125881,A,G,0.072167,variante_sinsentido,sf137,p.Arg64Gly
126222,T,G,0.43673,variante_sinonima,sf137,p.Ser177Ser
126371,C,T,0.47539,variante_upstream_gen,-,-
128085,G,A,0.377424,variante_sinonima,p49,p.Phe360Phe
128963,G,A,0.028338,variante_sinonima,p49,p.Leu68Leu
129075,A,G,0.049325,variante_sinonima,p49,p.Asp30Asp
129200,C,T,0.050061,variante_sinonima,ie-0,p.Gln230Gln
129448,T,G,0.004963,variante_sinsentido,ie-0,p.Lys148Gln
129449,T,G,0.005914,variante_sinsentido,ie-0,p.Glu147Asp
129497,G,A,0.052867,variante_sinonima,ie-0,p.Ile131Ile
129647,T,C,0.25323,variante_sinonima,ie-0,p.Leu81Leu
130234,C,T,0.11643,variante_sinonima,rr-1,p.Thr753Thr
130318,A,G,0.114966,variante_sinonima,rr-1,p.Asn725Asn
131959,C,T,0.157303,variante_sinonima,rr-1,p.Glu178Glu
132102,G,T,0.003654,variante_sinsentido,rr-1,p.Pro131Thr
132117,C,T,0.148816,variante_sinsentido,rr-1,p.Glu126Lys
132223,C,T,0.153576,variante_sinonima,rr-1,p.Gln90Gln
132242,C,T,0.155009,variante_sinsentido,rr-1,p.Ser84Asn
132322,G,C,0.152427,variante_sinsentido,rr-1,p.Asn57Lys
132599,T,G,0.003296,variante_upstream_gen,-,-
132607,T,G,0.0048,variante_upstream_gen,-,-
